{
    "acc_chest_x": -9.1949,
    "acc_chest_y": -0.86276,
    "acc_chest_z": 3.3434,
    "ecg_1": -0.1214,
    "ecg_2": -0.11303,
    "acc_l_x": 1.3551,
    "acc_l_y": -9.68,
    "acc_l_z": 0.32122,
    "gyro_l_x": -0.6475,
    "gyro_l_y": -0.25704,
    "gyro_l_z": 0.66208,
    "mag_l_x": 0.19805,
    "mag_l_y": 0.36499,
    "mag_l_z": -0.58481,
    "acc_r_x": -2.4123,
    "acc_r_y": -9.4444,
    "acc_r_z": -0.44097,
    "gyro_r_x": -0.77255,
    "gyro_r_y": -0.22177,
    "gyro_r_z": -0.32543,
    "mag_r_x": 0.18126,
    "mag_r_y": 0.17247,
    "mag_r_z": -0.72012,
    "activity": 1,
    "subject": "subject8"
}