{
    "acc_chest_x": -9.4664,
    "acc_chest_y": -0.92127,
    "acc_chest_z": -1.1777,
    "ecg_1": 0.11722,
    "ecg_2": 0.062794,
    "acc_l_x": 1.3177,
    "acc_l_y": -9.7462,
    "acc_l_z": 1.6196,
    "gyro_l_x": 0.65306,
    "gyro_l_y": -0.67355,
    "gyro_l_z": -0.21611,
    "mag_l_x": 1.5296,
    "mag_l_y": -2.0336,
    "mag_l_z": 3.1643,
    "acc_r_x": -9.5291,
    "acc_r_y": 0.82031,
    "acc_r_z": 3.0306,
    "gyro_r_x": -0.53333,
    "gyro_r_y": -0.51129,
    "gyro_r_z": 0.83405,
    "mag_r_x": -7.3807,
    "mag_r_y": 33.925,
    "mag_r_z": -26.841,
    "activity": 0,
    "subject": "subject6"
}