{
    "acc_chest_x": -3.8489,
    "acc_chest_y": -0.48407,
    "acc_chest_z": -1.9067,
    "ecg_1": -0.041863,
    "ecg_2": -0.012559,
    "acc_l_x": 2.4214,
    "acc_l_y": -9.9949,
    "acc_l_z": 0.51405,
    "gyro_l_x": -0.35436,
    "gyro_l_y": -0.84615,
    "gyro_l_z": -0.57564,
    "mag_l_x": -29.595,
    "mag_l_y": 19.012,
    "mag_l_z": 5.7409,
    "acc_r_x": -0.88239,
    "acc_r_y": -8.461,
    "acc_r_z": -2.1001,
    "gyro_r_x": -0.064706,
    "gyro_r_y": -0.8193,
    "gyro_r_z": -0.75,
    "mag_r_x": 25.717,
    "mag_r_y": 22.327,
    "mag_r_z": 62.385,
    "activity": 0,
    "subject": "subject10"
}