{
    "acc_chest_x": -7.2857,
    "acc_chest_y": 1.1561,
    "acc_chest_z": -5.7275,
    "ecg_1": 0.44793,
    "ecg_2": 0.37258,
    "acc_l_x": 0.23753,
    "acc_l_y": -11.815,
    "acc_l_z": -1.328,
    "gyro_l_x": 0.38776,
    "gyro_l_y": -0.6379,
    "gyro_l_z": 0.36149,
    "mag_l_x": -15.451,
    "mag_l_y": -1.8638,
    "mag_l_z": -2.414,
    "acc_r_x": 0.57296,
    "acc_r_y": -7.486,
    "acc_r_z": 7.3965,
    "gyro_r_x": 0.83529,
    "gyro_r_y": -0.38809,
    "gyro_r_z": 0.77371,
    "mag_r_x": -2.1196,
    "mag_r_y": 3.4759,
    "mag_r_z": 0.64487,
    "activity": 9,
    "subject": "subject9"
}