{
    "acc_chest_x": -8.1476,
    "acc_chest_y": 0.81249,
    "acc_chest_z": -5.5585,
    "ecg_1": 0.21769,
    "ecg_2": 0.12977,
    "acc_l_x": -0.39335,
    "acc_l_y": -9.0944,
    "acc_l_z": -2.5107,
    "gyro_l_x": -0.69388,
    "gyro_l_y": -0.53096,
    "gyro_l_z": -0.54028,
    "mag_l_x": -9.8351,
    "mag_l_y": 15.695,
    "mag_l_z": 2.9258,
    "acc_r_x": -2.5171,
    "acc_r_y": -8.3531,
    "acc_r_z": 5.6865,
    "gyro_r_x": -0.70392,
    "gyro_r_y": -0.93018,
    "gyro_r_z": -0.10776,
    "mag_r_x": 7.6112,
    "mag_r_y": 7.0841,
    "mag_r_z": -28.077,
    "activity": 0,
    "subject": "subject4"
}