{
    "acc_chest_x": -5.697,
    "acc_chest_y": 1.0133,
    "acc_chest_z": -2.9825,
    "ecg_1": 0.096285,
    "ecg_2": 0.054422,
    "acc_l_x": 0.70819,
    "acc_l_y": -8.6264,
    "acc_l_z": -7.1951,
    "gyro_l_x": 0.38961,
    "gyro_l_y": -0.078799,
    "gyro_l_z": -0.77996,
    "mag_l_x": 1.0936,
    "mag_l_y": -13.222,
    "mag_l_z": -24.421,
    "acc_r_x": 0.46898,
    "acc_r_y": -3.9598,
    "acc_r_z": 7.0208,
    "gyro_r_x": 0.7549,
    "gyro_r_y": -1.3326,
    "gyro_r_z": 0.28448,
    "mag_r_x": 4.09,
    "mag_r_y": -3.9251,
    "mag_r_z": 29.002,
    "activity": 0,
    "subject": "subject1"
}