{
    "acc_chest_x": -7.8358,
    "acc_chest_y": -1.6444,
    "acc_chest_z": -0.96905,
    "ecg_1": -0.15071,
    "ecg_2": -0.13815,
    "acc_l_x": 2.224,
    "acc_l_y": -9.6887,
    "acc_l_z": -0.55595,
    "gyro_l_x": 0.61781,
    "gyro_l_y": -0.60038,
    "gyro_l_z": 0.3556,
    "mag_l_x": -14.525,
    "mag_l_y": -7.9281,
    "mag_l_z": 2.8229,
    "acc_r_x": -4.2457,
    "acc_r_y": -6.9782,
    "acc_r_z": 1.1823,
    "gyro_r_x": -0.45098,
    "gyro_r_y": -0.67967,
    "gyro_r_z": 0.79095,
    "mag_r_x": -4.0032,
    "mag_r_y": 30.562,
    "mag_r_z": 3.2244,
    "activity": 4,
    "subject": "subject9"
}