{
    "acc_chest_x": -9.1505,
    "acc_chest_y": 0.96078,
    "acc_chest_z": -3.2083,
    "ecg_1": 0.016745,
    "ecg_2": 0.14652,
    "acc_l_x": -0.045586,
    "acc_l_y": -9.8224,
    "acc_l_z": 0.92509,
    "gyro_l_x": -0.72542,
    "gyro_l_y": -0.7167,
    "gyro_l_z": 0.22004,
    "mag_l_x": 0.38733,
    "mag_l_y": 0.3631,
    "mag_l_z": -0.87718,
    "acc_r_x": -8.1931,
    "acc_r_y": -4.8362,
    "acc_r_z": -0.61681,
    "gyro_r_x": -0.97255,
    "gyro_r_y": 0.11294,
    "gyro_r_z": -0.25431,
    "mag_r_x": 0.54573,
    "mag_r_y": 0.71331,
    "mag_r_z": -0.71824,
    "activity": 2,
    "subject": "subject5"
}