{
    "acc_chest_x": -4.1533,
    "acc_chest_y": 1.1,
    "acc_chest_z": -9.101,
    "ecg_1": -0.24699,
    "ecg_2": -0.25536,
    "acc_l_x": -0.45347,
    "acc_l_y": -10.262,
    "acc_l_z": 0.51361,
    "gyro_l_x": -0.47681,
    "gyro_l_y": -0.70544,
    "gyro_l_z": 0.53635,
    "mag_l_x": 19.48,
    "mag_l_y": -1.2957,
    "mag_l_z": 0.48916,
    "acc_r_x": -0.56347,
    "acc_r_y": -9.3178,
    "acc_r_z": 1.2216,
    "gyro_r_x": -0.4,
    "gyro_r_y": -0.77002,
    "gyro_r_z": 0.7069,
    "mag_r_x": -1.2756,
    "mag_r_y": 16.062,
    "mag_r_z": -10.294,
    "activity": 0,
    "subject": "subject3"
}